{"cameraMode":{"drawMode":0,"name":"Shaded","section":"Shading Mode"},"sceneLighting":false,"audioPlay":false,"sceneViewState":{"showFog":true,"showMaterialUpdate":false,"showSkybox":true,"showFlares":true,"showImageEffects":true,"showParticleSystems":true},"in2DMode":false,"pivot":{"x":99.21615600585938,"y":728.7061157226563,"z":-948.572998046875},"rotation":{"x":-0.0005003348924219608,"y":0.9810990691184998,"z":-0.06287079304456711,"w":-0.18762709200382234},"size":3.3131661415100099,"orthographic":false}