{"cameraMode":{"drawMode":0,"name":"Shaded","section":"Shading Mode"},"sceneLighting":false,"audioPlay":false,"sceneViewState":{"showFog":true,"showMaterialUpdate":false,"showSkybox":true,"showFlares":true,"showImageEffects":true,"showParticleSystems":true},"in2DMode":false,"pivot":{"x":131.56027221679688,"y":729.9548950195313,"z":-979.5541381835938},"rotation":{"x":-0.053858667612075809,"y":-0.9449405670166016,"z":0.17446018755435944,"w":-0.2762238085269928},"size":3.2138121128082277,"orthographic":false}