{"cameraMode":{"drawMode":0,"name":"Shaded","section":"Shading Mode"},"sceneLighting":false,"audioPlay":false,"sceneViewState":{"showFog":true,"showMaterialUpdate":false,"showSkybox":true,"showFlares":true,"showImageEffects":true,"showParticleSystems":true},"in2DMode":false,"pivot":{"x":95.1318359375,"y":730.1737670898438,"z":-895.081298828125},"rotation":{"x":0.05648251250386238,"y":-0.809550940990448,"z":0.08722219616174698,"w":0.5798798203468323},"size":4.739264488220215,"orthographic":false}