{"cameraMode":{"drawMode":0,"name":"Shaded","section":"Shading Mode"},"sceneLighting":false,"audioPlay":false,"sceneViewState":{"showFog":true,"showMaterialUpdate":false,"showSkybox":true,"showFlares":true,"showImageEffects":true,"showParticleSystems":true},"in2DMode":false,"pivot":{"x":57.84831237792969,"y":734.2525634765625,"z":-889.9852294921875},"rotation":{"x":0.059847183525562289,"y":0.8147591948509216,"z":-0.0665387362241745,"w":0.5756351947784424},"size":6.255193710327148,"orthographic":false}