{"cameraMode":{"drawMode":0,"name":"Shaded","section":"Shading Mode"},"sceneLighting":false,"audioPlay":false,"sceneViewState":{"showFog":true,"showMaterialUpdate":false,"showSkybox":true,"showFlares":true,"showImageEffects":true,"showParticleSystems":true},"in2DMode":false,"pivot":{"x":124.25160217285156,"y":730.0588989257813,"z":-923.1591796875},"rotation":{"x":-0.13292668759822846,"y":-0.6965411901473999,"z":0.1253519058227539,"w":-0.6961237192153931},"size":20.3059024810791,"orthographic":false}