{"cameraMode":{"drawMode":0,"name":"Shaded","section":"Shading Mode"},"sceneLighting":false,"audioPlay":false,"sceneViewState":{"showFog":true,"showMaterialUpdate":false,"showSkybox":true,"showFlares":true,"showImageEffects":true,"showParticleSystems":true},"in2DMode":false,"pivot":{"x":128.59475708007813,"y":730.0028076171875,"z":-978.4924926757813},"rotation":{"x":0.09704074263572693,"y":0.9057376384735107,"z":-0.327750027179718,"w":0.25573593378067019},"size":3.2999727725982668,"orthographic":false}