{"cameraMode":{"drawMode":0,"name":"Shaded","section":"Shading Mode"},"sceneLighting":false,"audioPlay":false,"sceneViewState":{"showFog":true,"showMaterialUpdate":false,"showSkybox":true,"showFlares":true,"showImageEffects":true,"showParticleSystems":true},"in2DMode":false,"pivot":{"x":137.24960327148438,"y":731.5311279296875,"z":-959.0394287109375},"rotation":{"x":0.024479417130351068,"y":0.03636306896805763,"z":0.0014269051607698203,"w":1.0005804300308228},"size":2.181605577468872,"orthographic":false}