{"cameraMode":{"drawMode":0,"name":"Shaded","section":"Shading Mode"},"sceneLighting":false,"audioPlay":false,"sceneViewState":{"showFog":true,"showMaterialUpdate":false,"showSkybox":true,"showFlares":true,"showImageEffects":true,"showParticleSystems":true},"in2DMode":false,"pivot":{"x":99.74830627441406,"y":728.855224609375,"z":-971.6993408203125},"rotation":{"x":-0.020172037184238435,"y":0.8118982315063477,"z":-0.04507560282945633,"w":-0.5836039185523987},"size":20.305883407592775,"orthographic":false}