{"cameraMode":{"drawMode":0,"name":"Shaded","section":"Shading Mode"},"sceneLighting":false,"audioPlay":false,"sceneViewState":{"showFog":true,"showMaterialUpdate":false,"showSkybox":true,"showFlares":true,"showImageEffects":true,"showParticleSystems":true},"in2DMode":false,"pivot":{"x":134.36683654785157,"y":727.346923828125,"z":-956.9622802734375},"rotation":{"x":0.06856706738471985,"y":0.09244461357593537,"z":0.003877854673191905,"w":0.9949675798416138},"size":20.3059024810791,"orthographic":false}