{"cameraMode":{"drawMode":0,"name":"Shaded","section":"Shading Mode"},"sceneLighting":false,"audioPlay":false,"sceneViewState":{"showFog":true,"showMaterialUpdate":false,"showSkybox":true,"showFlares":true,"showImageEffects":true,"showParticleSystems":true},"in2DMode":false,"pivot":{"x":267.1045837402344,"y":500.01220703125,"z":2205.599365234375},"rotation":{"x":0.03655534237623215,"y":0.01326020434498787,"z":0.010740475729107857,"w":1.000780463218689},"size":3634.797119140625,"orthographic":false}