{"cameraMode":{"drawMode":0,"name":"Shaded","section":"Shading Mode"},"sceneLighting":false,"audioPlay":false,"sceneViewState":{"showFog":true,"showMaterialUpdate":false,"showSkybox":true,"showFlares":true,"showImageEffects":true,"showParticleSystems":true},"in2DMode":false,"pivot":{"x":98.65555572509766,"y":729.620849609375,"z":-894.673828125},"rotation":{"x":-0.033481165766716,"y":-0.7856191992759705,"z":0.029518477618694307,"w":-0.6190028190612793},"size":4.739264488220215,"orthographic":false}