{"cameraMode":{"drawMode":0,"name":"Shaded","section":"Shading Mode"},"sceneLighting":false,"audioPlay":false,"sceneViewState":{"showFog":true,"showMaterialUpdate":false,"showSkybox":true,"showFlares":true,"showImageEffects":true,"showParticleSystems":true},"in2DMode":false,"pivot":{"x":95.96543884277344,"y":730.2708740234375,"z":-893.6088256835938},"rotation":{"x":0.007302222307771444,"y":-0.9875277280807495,"z":0.07819213718175888,"w":0.14708347618579865},"size":2.181605577468872,"orthographic":false}