{"cameraMode":{"drawMode":0,"name":"Shaded","section":"Shading Mode"},"sceneLighting":false,"audioPlay":false,"sceneViewState":{"showFog":true,"showMaterialUpdate":false,"showSkybox":true,"showFlares":true,"showImageEffects":true,"showParticleSystems":true},"in2DMode":false,"pivot":{"x":100.26225280761719,"y":702.0100708007813,"z":-704.7957763671875},"rotation":{"x":0.06027356907725334,"y":-0.024509839713573457,"z":0.006150647532194853,"w":0.9993071556091309},"size":0.3500392436981201,"orthographic":false}