{"cameraMode":{"drawMode":0,"name":"Shaded","section":"Shading Mode"},"sceneLighting":false,"audioPlay":false,"sceneViewState":{"showFog":true,"showMaterialUpdate":false,"showSkybox":true,"showFlares":true,"showImageEffects":true,"showParticleSystems":true},"in2DMode":false,"pivot":{"x":131.6640167236328,"y":730.3253173828125,"z":-975.2625122070313},"rotation":{"x":-0.10622986406087876,"y":-0.14079545438289643,"z":0.011584414169192315,"w":-0.9856987595558167},"size":3.716218948364258,"orthographic":false}