{"cameraMode":{"drawMode":0,"name":"Shaded","section":"Shading Mode"},"sceneLighting":false,"audioPlay":false,"sceneViewState":{"showFog":true,"showMaterialUpdate":false,"showSkybox":true,"showFlares":true,"showImageEffects":true,"showParticleSystems":true},"in2DMode":false,"pivot":{"x":97.74637603759766,"y":727.9346923828125,"z":-940.5225219726563},"rotation":{"x":-0.02545698545873165,"y":-0.9495323300361633,"z":0.03621511161327362,"w":-0.31318381428718569},"size":5.103178977966309,"orthographic":false}