{"cameraMode":{"drawMode":0,"name":"Shaded","section":"Shading Mode"},"sceneLighting":false,"audioPlay":false,"sceneViewState":{"showFog":true,"showMaterialUpdate":false,"showSkybox":true,"showFlares":true,"showImageEffects":true,"showParticleSystems":true},"in2DMode":false,"pivot":{"x":668.585693359375,"y":743.9735107421875,"z":-951.0403442382813},"rotation":{"x":0.0925164520740509,"y":-0.06252565234899521,"z":0.016436580568552018,"w":0.9952198266983032},"size":4.739264488220215,"orthographic":false}