{"cameraMode":{"drawMode":0,"name":"Shaded","section":"Shading Mode"},"sceneLighting":false,"audioPlay":false,"sceneViewState":{"showFog":true,"showMaterialUpdate":false,"showSkybox":true,"showFlares":true,"showImageEffects":true,"showParticleSystems":true},"in2DMode":false,"pivot":{"x":125.10108184814453,"y":730.2921752929688,"z":-976.7111206054688},"rotation":{"x":0.04839683696627617,"y":-0.5899195075035095,"z":0.03359733521938324,"w":0.807013213634491},"size":3.716218948364258,"orthographic":false}