{"cameraMode":{"drawMode":0,"name":"Shaded","section":"Shading Mode"},"sceneLighting":false,"audioPlay":false,"sceneViewState":{"showFog":true,"showMaterialUpdate":false,"showSkybox":true,"showFlares":true,"showImageEffects":true,"showParticleSystems":true},"in2DMode":false,"pivot":{"x":93.19357299804688,"y":730.9478759765625,"z":-893.9508056640625},"rotation":{"x":0.014008834026753903,"y":-0.6518152356147766,"z":0.016548197716474534,"w":0.7600307464599609},"size":4.739264488220215,"orthographic":false}