{"cameraMode":{"drawMode":0,"name":"Shaded","section":"Shading Mode"},"sceneLighting":false,"audioPlay":false,"sceneViewState":{"showFog":true,"showMaterialUpdate":false,"showSkybox":true,"showFlares":true,"showImageEffects":true,"showParticleSystems":true},"in2DMode":false,"pivot":{"x":-65.83997344970703,"y":145.35894775390626,"z":2422.588134765625},"rotation":{"x":0.07950285822153092,"y":-0.031201228499412538,"z":0.013753889128565789,"w":0.997850775718689},"size":3634.797119140625,"orthographic":false}