{"cameraMode":{"drawMode":0,"name":"Shaded","section":"Shading Mode"},"sceneLighting":false,"audioPlay":false,"sceneViewState":{"showFog":true,"showMaterialUpdate":false,"showSkybox":true,"showFlares":true,"showImageEffects":true,"showParticleSystems":true},"in2DMode":false,"pivot":{"x":97.7821044921875,"y":731.1028442382813,"z":-918.7332153320313},"rotation":{"x":0.005479671061038971,"y":0.8543210029602051,"z":0.0014891090104356409,"w":-0.5225708484649658},"size":4.739264488220215,"orthographic":false}