{"cameraMode":{"drawMode":0,"name":"Shaded","section":"Shading Mode"},"sceneLighting":false,"audioPlay":false,"sceneViewState":{"showFog":true,"showMaterialUpdate":false,"showSkybox":true,"showFlares":true,"showImageEffects":true,"showParticleSystems":true},"in2DMode":false,"pivot":{"x":129.4466094970703,"y":730.5346069335938,"z":-976.8967895507813},"rotation":{"x":-0.05352174490690231,"y":0.40506690740585329,"z":-0.024596618488430978,"w":-0.9138699173927307},"size":0.23007161915302277,"orthographic":false}