{"cameraMode":{"drawMode":0,"name":"Shaded","section":"Shading Mode"},"sceneLighting":false,"audioPlay":false,"sceneViewState":{"showFog":true,"showMaterialUpdate":false,"showSkybox":true,"showFlares":true,"showImageEffects":true,"showParticleSystems":true},"in2DMode":false,"pivot":{"x":114.1834487915039,"y":731.5266723632813,"z":-959.5919189453125},"rotation":{"x":-0.010054782032966614,"y":0.6719658970832825,"z":0.026341203600168229,"w":0.7413432002067566},"size":9.338626861572266,"orthographic":false}