{"cameraMode":{"drawMode":0,"name":"Shaded","section":"Shading Mode"},"sceneLighting":false,"audioPlay":false,"sceneViewState":{"showFog":true,"showMaterialUpdate":false,"showSkybox":true,"showFlares":true,"showImageEffects":true,"showParticleSystems":true},"in2DMode":false,"pivot":{"x":131.2251434326172,"y":730.5590209960938,"z":-978.0237426757813},"rotation":{"x":0.07089649140834809,"y":0.005244232714176178,"z":0.0011082915589213372,"w":0.9988094568252564},"size":0.5281508564949036,"orthographic":false}